
CREATE TABLE Types (
    type_id INT AUTO_INCREMENT PRIMARY KEY,
    type_name VARCHAR(50)
);

CREATE TABLE CaptureStatus (
    status_id INT PRIMARY KEY,
    status_name VARCHAR(20)
);

CREATE TABLE Pokemon (
    pokemon_id INT AUTO_INCREMENT PRIMARY KEY,
    name VARCHAR(50),
    type_id INT,
    capture_status_id INT,
    signature_move VARCHAR(100),
    evolution_stage INT,
    FOREIGN KEY (type_id) REFERENCES Types(type_id),
    FOREIGN KEY (capture_status_id) REFERENCES CaptureStatus(status_id)
);


INSERT INTO Types (type_name) VALUES 
    ('Grass'), ('Fire'), ('Water'), ('Normal'), ('Electric'), ('Psychic'),
    ('Bug'), ('Flying'), ('Poison'), ('Ground'), ('Rock'), ('Fighting'),
    ('Ice'), ('Ghost'), ('Dragon'), ('Steel'), ('Fairy');



INSERT INTO CaptureStatus (status_id, status_name) VALUES 
    (1, 'Captured'), (2, 'Not Captured');



INSERT INTO Pokemon (name, type_id, capture_status_id, signature_move, evolution_stage)
VALUES 
    ('Bulbasaur', 1, 1, 'Vine Whip', 1),
    ('Ivysaur', 1, 2, 'Solar Beam', 2),
    ('Venusaur', 1, 2, 'Petal Blizzard', 3),
    ('Charmander', 2, 1, 'Ember', 1),
    ('Charmeleon', 2, 2, 'Flamethrower', 2),
    ('Charizard', 2, 1, 'Fire Blast', 3),
    ('Squirtle', 3, 1, 'Water Gun', 1),
    ('Wartortle', 3, 2, 'Bubble Beam', 2),
    ('Blastoise', 3, 2, 'Hydro Pump', 3),
    ('Caterpie', 7, 1, 'Tackle', 1),
    ('Metapod', 7, 1, 'Harden', 2),
    ('Butterfree', 7, 1, 'Psybeam', 3),
    ('Weedle', 7, 2, 'Poison Sting', 1),
    ('Kakuna', 7, 2, 'Harden', 2),
    ('Beedrill', 7, 2, 'Twineedle', 3),
    ('Pidgey', 8, 1, 'Gust', 1),
    ('Pidgeotto', 8, 1, 'Wing Attack', 2),
    ('Pidgeot', 8, 1, 'Sky Attack', 3),
    ('Rattata', 4, 2, 'Tackle', 1),
    ('Raticate', 4, 2, 'Hyper Fang', 2),
    ('Spearow', 8, 1, 'Peck', 1),
    ('Fearow', 8, 2, 'Drill Peck', 2),
    ('Ekans', 10, 1, 'Poison Sting', 1),
    ('Arbok', 10, 1, 'Bite', 2),
    ('Pikachu', 5, 1, 'Thunder Shock', 1),
    ('Raichu', 5, 1, 'Thunderbolt', 2),
    ('Sandshrew', 10, 2, 'Scratch', 1),
    ('Sandslash', 10, 2, 'Slash', 2),
    ('Nidoran♀', 4, 2, 'Scratch', 1),
    ('Nidorina', 4, 2, 'Bite', 2),
    ('Nidoran♂', 4, 2, 'Peck', 1),
    ('Nidorino', 4, 2, 'Double Kick', 2),
    ('Nidoking', 4, 2, 'Thrash', 3),
    ('Clefairy', 4, 2, 'Pound', 1),
    ('Clefable', 4, 2, 'Double Slap', 2),
    ('Vulpix', 2, 2, 'Ember', 1),
    ('Ninetales', 2, 2, 'Fire Spin', 2),
    ('Jigglypuff', 4, 1, 'Pound', 1),
    ('Wigglytuff', 4, 2, 'Double Slap', 2),
    ('Zubat', 8, 2, 'Leech Life', 1),
    ('Golbat', 8, 2, 'Wing Attack', 2),
    ('Oddish', 1, 1, 'Absorb', 1),
    ('Gloom', 1, 2, 'Acid', 2),
    ('Vileplume', 1, 2, 'Petal Dance', 3),
    ('Paras', 1, 2, 'Scratch', 1),
    ('Parasect', 1, 2, 'Slash', 2),
    ('Venonat', 7, 1, 'Tackle', 1),
    ('Venomoth', 7, 2, 'Gust', 2),
    ('Diglett', 10, 2, 'Scratch', 1),
    ('Dugtrio', 10, 2, 'Dig', 2),
    ('Meowth', 4, 1, 'Scratch', 1),
    ('Persian', 4, 2, 'Bite', 2),
    ('Psyduck', 6, 1, 'Scratch', 1),
    ('Golduck', 6, 2, 'Water Gun', 2),
    ('Mankey', 12, 2, 'Scratch', 1),
    ('Primeape', 12, 1, 'Fury Swipes', 2),
    ('Growlithe', 2, 2, 'Ember', 1),
    ('Arcanine', 2, 1, 'Fire Blast', 2),
    ('Poliwag', 3, 2, 'Bubble', 1),
    ('Poliwhirl', 3, 2, 'Water Gun', 2),
    ('Poliwrath', 3, 2, 'Bubble Beam', 3),
    ('Abra', 6, 2, 'Teleport', 1),
    ('Kadabra', 6, 2, 'Confusion', 2),
    ('Alakazam', 6, 2, 'Psybeam', 3),
    ('Machop', 12, 2, 'Low Kick', 1),
    ('Machoke', 12, 2, 'Karate Chop', 2),
    ('Machamp', 12, 2, 'Submission', 3),
    ('Bellsprout', 1, 2, 'Vine Whip', 1),
    ('Weepinbell', 1, 2, 'Acid', 2),
    ('Victreebel', 1, 2, 'Razor Leaf', 3),
    ('Tentacool', 3, 2, 'Poison Sting', 1),
    ('Tentacruel', 3, 2, 'Water Gun', 2),
    ('Geodude', 11, 1, 'Tackle', 1),
    ('Graveler', 11, 2, 'Rock Throw', 2),
    ('Golem', 11, 2, 'Earthquake', 3),
    ('Ponyta', 2, 2, 'Ember', 1),
    ('Rapidash', 2, 2, 'Fire Spin', 2),
    ('Slowpoke', 3, 2, 'Tackle', 1),
    ('Slowbro', 3, 2, 'Water Gun', 2),
    ('Magnemite', 5, 2, 'Tackle', 1),
    ('Magneton', 5, 2, 'Spark', 2),
    ('Farfetch’d', 4, 2, 'Peck', 1),
    ('Doduo', 4, 2, 'Peck', 1),
    ('Dodrio', 4, 2, 'Fury Attack', 2),
    ('Seel', 3, 2, 'Headbutt', 1),
    ('Dewgong', 3, 2, 'Aurora Beam', 2),
    ('Grimer', 9, 2, 'Pound', 1),
    ('Muk', 9, 2, 'Sludge', 2),
    ('Shellder', 3, 2, 'Tackle', 1),
    ('Cloyster', 3, 2, 'Aurora Beam', 2),
    ('Gastly', 14, 2, 'Lick', 1),
    ('Haunter', 14, 2, 'Night Shade', 2),
    ('Gengar', 14, 2, 'Shadow Punch', 3),
    ('Onix', 11, 2, 'Tackle', 1),
    ('Drowzee', 6, 2, 'Pound', 1),
    ('Hypno', 6, 2, 'Confusion', 2),
    ('Krabby', 3, 2, 'Bubble', 1),
    ('Kingler', 3, 1, 'Vice Grip', 2),
    ('Voltorb', 5, 2, 'Tackle', 1),
    ('Electrode', 5, 2, 'Spark', 2),
    ('Exeggcute', 1, 2, 'Barrage', 1),
    ('Exeggutor', 1, 2, 'Confusion', 2),
    ('Cubone', 4, 2, 'Bone Club', 1),
    ('Marowak', 4, 2, 'Headbutt', 2),
    ('Hitmonlee', 12, 2, 'Double Kick', 1),
    ('Hitmonchan', 12, 2, 'Comet Punch', 1),
    ('Lickitung', 4, 2, 'Wrap', 1),
    ('Koffing', 9, 2, 'Tackle', 1),
    ('Weezing', 9, 2, 'Smog', 2),
    ('Rhyhorn', 11, 2, 'Stomp', 1),
    ('Rhydon', 11, 2, 'Horn Attack', 2),
    ('Chansey', 4, 2, 'Pound', 1),
    ('Tangela', 1, 2, 'Constrict', 1),
    ('Kangaskhan', 12, 2, 'Comet Punch', 1),
    ('Horsea', 3, 2, 'Bubble', 1),
    ('Seadra', 3, 2, 'Water Gun', 2),
    ('Goldeen', 3, 2, 'Peck', 1),
    ('Seaking', 3, 2, 'Horn Attack', 2),
    ('Staryu', 3, 2, 'Tackle', 1),
    ('Starmie', 3, 2, 'Water Gun', 1),
    ('Mr. Mime', 6, 2, 'Confusion', 1),
    ('Scyther', 7, 2, 'Quick Attack', 1),
    ('Jynx', 4, 2, 'Pound', 1),
    ('Electabuzz', 5, 2, 'Quick Attack', 1),
    ('Magmar', 2, 2, 'Ember', 1),
    ('Pinsir', 1, 2, 'Vice Grip', 1),
    ('Tauros', 1, 2, 'Tackle', 1),
    ('Magikarp', 3, 1, 'Splash', 1),
    ('Gyarados', 3, 2, 'Bite', 2),
    ('Lapras', 3, 2, 'Water Gun', 1),
    ('Ditto', 10, 2, 'Transform', 1),
    ('Eevee', 10, 1, 'Tackle', 1),
    ('Vaporeon', 3, 2, 'Water Gun', 2),
    ('Jolteon', 5, 2, 'Thunder Shock', 2),
    ('Flareon', 2, 2, 'Ember', 2),
    ('Porygon', 4, 2, 'Tackle', 1),
    ('Omanyte', 3, 2, 'Water Gun', 1),
    ('Omastar', 3, 2, 'Water Gun', 2),
    ('Kabuto', 3, 2, 'Scratch', 1),
    ('Kabutops', 3, 2, 'Scratch', 2),
    ('Aerodactyl', 8, 2, 'Wing Attack', 1),
    ('Snorlax', 10, 1, 'Tackle', 1),
    ('Articuno', 13, 2, 'Ice Beam', 1),
    ('Zapdos', 5, 2, 'Thunder Shock', 1),
    ('Moltres', 2, 2, 'Ember', 1),
    ('Dratini', 15, 2, 'Wrap', 1),
    ('Dragonair', 15, 2, 'Slam', 2),
    ('Dragonite', 15, 2, 'Hyper Beam', 3),
    ('Mewtwo', 6, 2, 'Psychic', 1),
    ('Mew', 6, 2, 'Pound', 1);

